{"cameraMode":{"drawMode":0,"name":"Shaded","section":"Shading Mode"},"sceneLighting":true,"audioPlay":false,"sceneViewState":{"showFog":true,"showMaterialUpdate":false,"showSkybox":true,"showFlares":true,"showImageEffects":true,"showParticleSystems":true},"in2DMode":false,"pivot":{"x":-0.31539785861968996,"y":0.5413370132446289,"z":-0.06353616714477539},"rotation":{"x":-0.056538354605436328,"y":0.8592275977134705,"z":-0.09734263271093369,"w":-0.49905964732170107},"size":2.562366008758545,"orthographic":false}